PC1,PC2
1.0535668817805957,0.13391250069405905
2.00682218177735,0.687880492568165
1.99954879716748,0.6964842208923363
1.782183195004615,0.8101145444699162
1.7030792013091383,0.8088106643018979
2.0846194485805096,0.9998757175265304
1.8252510803260513,0.9326843174368736
1.9620284295569628,0.92284269528497
1.5131608118454256,0.5321084043748318
1.9939837732979513,0.8261216852008103
1.5410766892767196,0.5268989916551081
1.7155108072467753,0.8723890006440636
1.814292359550677,0.8088835814634198
1.7016352794062075,0.7398933689286603
1.6306738326377692,0.7121702536273143
1.6454763991511334,0.6438646041438204
1.7577432697712791,0.8925122993041128
1.7797890228394981,0.7100419450547023
1.7074452201516297,0.8283180493623442
1.736610997687953,0.6915018136212361
1.740597109742412,0.7304134091809255
1.2028833723907182,1.3085448357777112
1.7460898872518913,0.8103132702306415
1.5681548848020113,0.4678921512610761
1.7162030288237096,0.6629540012009629
1.777334908100674,0.7365702026354056
1.6603597902152982,0.5660061816838639
1.6314134350396021,0.9121375936701509
1.2430631983265545,0.2798160939130412
0.9755423981659648,0.45934084260035
1.8182302179449457,0.6763713385164881
1.9968558764186655,0.9326241375848741
1.9539874162628201,0.789442482205964
1.9784604874717835,0.8210876473502027
2.014846345132105,0.9175506537644523
1.9460774987343912,0.6952501854562626
1.9271297273511185,0.6741787889576933
1.8451127371860474,0.6834902824643918
1.9551811973051247,0.7128553706613353
1.9804590888276106,0.7482938930428094
1.9573983074926395,0.7648766626616635
2.162676899582033,1.045331497605895
1.9519718909624437,0.76051191451395
1.903592207332808,0.7632063514863875
1.849416737738127,0.7418590125854678
1.835190901404373,0.7826834996363435
1.812880681739039,0.7533609783011297
1.8282926940210906,0.7429878332492679
1.834040652214747,0.8349163772836085
1.9872429147895314,0.8390853470386174
1.8587419556686349,0.6744622410767658
1.9954583282641314,0.8382693584388136
2.07945102263099,0.9374367879330737
1.7156063836281423,0.6607215389374614
1.839945282763467,0.8031609313991382
2.1190169426296666,1.002403818290441
1.861828739405656,0.7737991046088911
1.9107317084922826,0.8424772128461977
1.9747661804678893,0.8106769208010414
2.0332826558369943,0.8864972157439928
1.974341980219317,0.7762046850511701
2.066337167988067,0.9821387692548247
1.9831701854586323,0.8242816317088828
1.8610088211671623,0.7334242445732974
2.0451897721022276,0.8611269545105084
1.8878011397691696,0.7459865710829597
2.0282104235302243,0.9341926953867554
1.9863589597626163,0.825139404526339
1.7830002232691446,0.7286919150614231
1.8760252244768447,0.7227122620158121
1.707221048724745,0.6795004102756331
2.0064300018193264,0.9045443083229298
1.8701357977977753,0.7932568708025521
1.7540597922907215,0.5895257745325483
1.8080161054878787,0.6949282062936354
1.65434426050802,0.6026454761851184
1.7559414219509435,1.3812493150832486
1.7733245219249707,0.7095875259552269
1.7182762988401001,0.6976097305991391
1.7780011762724117,0.7341681348350015
1.785571093776112,0.8111002730515166
1.6660273323946886,0.5066498434242005
1.728886935924466,0.6348288289661708
1.7782484802989285,0.6654503683234649
1.7643651459287524,0.693181017164157
1.7605262042663414,0.6195657908302187
1.740301702422602,0.8819516347915236
1.6483221391908904,0.5427769883153956
1.6585431495706828,0.5309779882907603
1.7082564607807729,0.7565970793892421
1.689781868411444,0.6292252642459001
1.7258884020705931,0.7142443574571632
1.6912533155787706,0.6886274796706122
1.7857034626827122,0.8026256785913829
1.7841727629862907,0.7222162248318866
2.1816798493924767,0.6751199783981116
1.9218376988423238,0.5572561674504822
2.115987605813303,0.6559840877263388
1.5955853587830982,0.3389753924045083
1.538796737368649,0.31743711724465257
1.5102302231687657,0.30230566166032335
0.8305476084506582,0.14464949507499747
1.2911738418484455,0.2646781282371252
1.4557526124184241,0.49443641543975747
1.4616376155737925,0.52846878682687
1.3841131896880792,0.3550993753149878
1.4986285980383298,0.5521315780346383
1.2564037461252673,0.28346432700828667
-3.5360671372036947,-3.4811737890407946
1.250917648563704,0.6954854176316326
1.015041860294877,1.1409312681230734
0.5328700666892621,2.8468141214758647
1.1851274047276492,0.5500398814248831
1.17054818214047,0.0037823896465911406
1.2491581932362752,0.15262797543901252
1.1158757331366753,0.1955425187762731
1.194628606508218,0.6477527535456162
1.158244072810777,0.1763722786720381
0.3285678240017933,2.6560838804320834
0.9688226389078769,1.1516451291476721
1.1968717785153495,0.19817355565737066
0.9476268385055179,0.5232928645000929
1.1964059294987912,0.2263154048821609
1.2676611737376022,0.8324789092776552
0.9833288562367448,1.0750220498199616
0.723117872323734,-0.13124368313795193
1.0947922203766294,-0.03690043153319367
1.0610001995887508,0.5240524971078322
1.1756479432717568,0.2649563651528215
0.5805843808215307,-0.37048153567757014
1.343230404208785,0.5534407736081693
1.499246611439931,0.5628056476346547
1.6430966544610333,0.6144560468132538
1.497750760741217,0.431416135914241
1.650640988257599,0.6693121857592239
2.459371540584176,1.2229383458836398
2.4970439807860214,1.1844563486390887
2.4118381850409993,1.1538812497681297
2.3420070226377514,1.0277843473120194
1.789584884535116,0.7052010970077437
1.8623328795832363,0.620445707738455
1.8660337917189571,0.812898400718827
1.762078276489416,0.661156927496904
1.6973779194982967,0.731751979631947
1.782128639870627,0.5847277580670066
1.7415801837326386,0.5895889867923293
1.6723369941532291,0.554970428131609
1.72861561828068,0.643247711265951
1.5786621904344622,0.3511946223626571
1.6327531136341316,0.5206014934929128
1.671131656438282,0.5853321572318946
1.6214374601476986,0.49913829473964977
1.965564139625691,0.8256393215195229
1.6211574974157192,0.5511064582307293
1.5554390404534004,0.4661504518688842
1.5330917727928197,0.4695963528120461
1.531340515933681,0.34800867370688476
1.5083433171544285,0.43339733666144853
1.530154169402032,0.41542408255757796
1.4737289401808875,0.40333905375606194
1.6733130378231558,0.6944760855708949
1.5050165443331285,0.37414672106218777
1.4989476949619482,0.4134349776438352
1.4671266788185742,0.5062613388547434
1.7610830961245671,0.618397523952876
1.484949531447636,0.5008868597581007
1.4315025063372737,0.44291055262016443
1.4235441627254768,0.37930926787495217
1.3095596729854717,0.7356559409073254
1.3597462972525374,1.1510722535866078
1.8214319272690014,0.7168730461631255
1.4144815284607428,0.5289218348305811
1.7683620237091169,0.8522254973499481
1.7231737900044795,0.9522182562037862
1.7626820163111445,0.6608366214288192
1.350430021871955,0.3794924700406339
1.2202639643294155,1.0586312956326343
1.1662210566780469,1.8949581297320295
1.3617673457048944,0.49621516786841985
0.8826652970114479,1.3461935681278197
-0.36330379384796424,-0.4593194968544912
-4.310627229525276,1.226189531410691
-6.16204567337791,9.945239474839557
-4.004618586228076,7.725605243699333
-26.308739191996636,20.322563932104256
-8.400576260217141,12.166311949820495
-29.618598533417483,26.88945652407726
-23.341705026585284,23.866926784344304
-3.9073186319810778,7.854559634987249
-6.144394520121182,5.548930142579931
-8.970435314053008,0.49074919707572584
-5.9526723514233755,2.3298350405803427
-4.102407790657146,6.487308465308228
-9.738457142909295,10.209120659968626
-7.139027626843048,-0.9979229012030677
-5.579167791256207,0.12873016992860326
0.6162738226759688,1.3742632016357585
-7.147458319341847,0.900659037950319
-5.019451506782332,-0.9697402216909926
1.37934778309811,0.9783214504425449
-1.43816653705317,0.4229289965345724
-1.0042309386315444,4.440639348155574
-0.9216223890483828,4.8334242024215905
-4.340698689691109,-0.192700032519815
-4.390376131809157,-1.0384643650581402
-6.973880727687416,-2.74472901432486
-5.718944975897763,-0.49964167542308063
-2.4847689560650608,7.802881398189712
0.9782332987750351,1.7362594195167742
-13.323397884046688,16.792659950313418
-0.7027885353688953,1.8959079432321135
0.3894108151355514,1.6280008791412959
-2.4405555656926783,6.885144857296258
-3.772173428221098,-1.867545315444889
0.6077764825988665,1.6661631202880636
0.7340935691145195,2.076421172217711
-5.313839659891541,-0.6855484678508499
0.2828241501386261,2.1051156598161436
-0.7718260768280342,3.981067956471865
-3.483390714358061,-1.3299389164261395
0.9445925411422595,1.5157741924596553
-5.736938526635745,-1.734789921266356
-4.078405469743692,-1.9970736987140252
0.09457629517763735,1.825313641520889
-4.5348672014178995,-2.4135948850038345
-4.4913114181271085,-2.3977773902686272
0.7035397040908749,2.363325114057624
0.8633452263812257,0.7345821065495839
0.31495471057628033,2.6592892080325896
0.36194018767072644,1.7888654004466826
0.9592589604848203,1.015036521452773
-0.39512045208335467,2.7497563982055007
-4.487022103612216,-1.5502721043333345
0.662881625048575,2.2452620546464415
-13.63938183111631,15.889890706268876
-0.16059042924422212,2.7812531517941874
-3.8279526036719727,3.264018939418098
-0.3712230673303007,2.3342918494549765
-1.3647267285048652,-0.013741155280941279
-12.12635725982976,12.946220120012313
-4.813389775190634,-1.407706200992561
0.9618522900670898,1.7515106784246606
1.2170807173935911,0.9458616180984797
0.6529967014724267,1.5933866199187805
1.5693325663172388,0.9751655218360953
-4.732111214136218,-3.2999851648381164
-2.3509297907888094,0.5385765216131359
-3.895744788407909,2.0046707723806056
0.42687598075892036,3.0292823768967376
-3.6965714737416193,-1.9755891139709778
1.104637372245576,0.7517097125028157
1.0809217015061547,1.9129215869783338
-7.05612666721248,-4.119916999215052
1.1575996316900772,1.692775917474247
-12.367209783157842,14.73096954078548
0.12218304302788531,2.561433494926654
-0.5226450992229593,4.205370315534227
1.0193728670998914,1.129854838781393
-1.3384589020216784,2.6708320495976134
-3.6844586080424766,-2.394439569467751
-1.8600536862041754,1.2821483153875817
-3.2180612812211757,2.316710252118422
0.8475454038008043,2.712163321662667
-3.5669721297871364,-1.0699763411349459
-3.970230270446484,-1.965575535218006
0.10465845707781611,2.409536874363289
-0.5714319617417384,4.031820140836719
-3.4505403835425232,-1.4655653248029632
0.8506261100940299,1.5716880709043617
0.6497650603020292,1.600333933485184
-0.26948477337132243,3.6935461937323115
-0.3747242408034514,-0.09769956566412441
-1.4531196878757675,5.421840996920168
-2.954994921438476,-1.2897167645469232
-4.026636263067974,-2.4982022648973166
-3.315490432830423,-2.6531886882966504
-5.456447473722409,7.246600815789445
1.0237477242121886,0.28179683676758943
-4.642298891670206,-2.5445081431421253
-0.42068213361659423,0.04980087497604605
0.8971234194993043,0.9161464294465347
-2.5511779328158104,0.4222946119556831
0.9957983509795592,1.8829494911634557
-0.009716585146761636,3.3470306579834306
1.3679703269099441,1.163064709662635
-1.9299907205790972,5.397646138083241
0.9169930862577973,1.3682486117375892
-2.997934104047915,-2.108221803063988
0.4050806095998371,1.388696231939104
-1.4040854869127735,5.308387539014788
1.1123423660069833,1.491757970840164
-2.366339915767564,0.19139460070558523
-1.832818072166063,5.257949972362508
-4.302122238371816,2.025750762626928
-1.492328235650837,0.07922911358739027
0.1554565774458337,1.8141818099531817
-2.4754027888829566,1.104425071873924
1.0324470263472854,1.3057956337668855
-4.584494667450827,3.7382369151637596
-4.280956788832321,-2.032231189170158
1.168946370848393,1.1926554288528726
1.6521753142940143,0.7565194237405215
-4.151318976574959,-2.6457775349172112
0.7609344558488201,1.41209824827088
1.1837924885653226,1.3441190639298952
1.2187326601299229,1.0269012978834131
-2.3850502135513554,1.371373645047389
-3.281535590666265,0.28236870707366485
-2.1433418860265556,-0.5383845272648934
0.5809725019424116,1.221303371934995
1.4432987423104082,1.3591397985008715
-1.6020982169912594,1.013093909809237
1.5921190243931174,1.0353403956753398
-2.5464676393128727,-2.0863129900130835
-3.9461600509824075,-2.024095214817684
1.3905324756301338,0.8155850665652588
0.9074389354309338,1.3399555319761889
-3.719282832384996,-3.256954847535599
0.47833876228776795,2.478721619463905
-3.0410153941172924,-2.2144008998091813
1.132454125833308,1.5404533545256305
0.38166473478167173,1.9428350591524204
0.6343709531502912,0.746347844297783
-0.4727647073585476,-0.27086663141456346
0.11167778299658138,1.2816948453325239
-18.715423783330458,10.472351205269726
-10.55580615259555,10.613683151386969
-5.074797327198148,-0.6675530562848291
-4.179247644384762,-1.448038077832125
1.2971388052415282,1.4200817641274863
-3.7852576810160077,-2.484918492640798
-2.4972878441142274,2.2131525251581534
-3.526804734820931,-2.8668841036094803
-2.277620460165743,-0.3400135981544099
-2.905250574475333,2.1939606727421235
-4.7742254083259,-3.642830339554995
0.9113475049926613,1.9301687725754897
-3.1259654695709225,-1.9237791659386445
-1.9031525620377414,-1.2511017505487807
-1.9233311067579497,-0.19042785184812072
1.0276653113819108,0.8305621763842572
1.5600881734220484,0.7993293709824667
-0.2157130730969849,1.492318867892069
-2.3529127496891578,-0.5041828809135908
1.840789659299327,1.6796213032135026
1.844052191772495,1.4354929384298951
1.131272112468777,0.6476575084486735
-3.331020760937244,-2.6314183240375004
-1.8786127612706331,-1.1115702062636204
0.800254824832371,1.132534685270093
0.8247890236599832,0.7665879641300831
-1.660997541209771,0.6982845863528953
1.2235844936832558,1.3822897720830032
1.9820252446436601,1.031967640972246
1.1489172496992786,1.4807204802928313
-2.0435153491595077,-0.4210620174605305
1.5838929003098683,0.7732468788133223
1.7863563106009657,1.187855208020822
-1.0158115109051478,-0.7032810058473992
0.8760257050818722,1.119016850223562
1.27191972502297,0.4575118485965656
1.4006869758952338,0.5639885948004617
0.6058411777543287,0.6482825251938102
-4.4724543416474845,1.0562097957773013
-1.4426062697204471,-0.5676991462803902
0.7891643896470858,0.8384903340061196
-2.8211557761259995,-2.3768003763679335
-2.189074168369596,-1.4165132257681563
-2.8165636251238633,-2.092989628301267
0.10167397091394766,3.029419716913275
-1.8313083778382988,-0.3971687014093728
-1.0917452570031834,-0.5711272718254573
-1.0045159199612435,-0.9382352907534599
1.6688137963022966,0.8182294280280015
-2.802162065430252,-2.005870501585703
-3.202760059166745,-3.0350988783233954
1.7705006578964677,0.9313071077059822
0.7087433608326542,1.6093960277816126
0.8177169175504102,1.4817996242917548
1.2725010950303344,0.36931532460995425
0.8782377962897299,0.6763871902953277
1.399932245823535,0.9956231285014169
-1.9381384775396806,-0.8423033231307067
1.5152548319240287,0.7877807937814166
1.082500812520194,0.7560513891937013
-1.462205719072113,-1.1855223395187673
1.2789992224289632,1.161105164958894
1.8123369719009967,0.8165737027321199
-3.3968001961133676,-2.9905242557025815
-1.8060257375628281,-1.1097113774108578
-0.41968003537697074,1.6210441774227524
-0.8304607281422915,-0.8061724818232725
-2.3876310603439093,-2.144303989089296
0.8484828043662149,-0.04561536156223796
1.670117957509554,0.8675580081279466
-4.945725582730863,11.60631077243247
-1.9088671585224042,-0.9394511907518647
-1.721127345798887,-0.4129489017347581
-1.2639417643871278,-0.9043839099326018
1.132246752464108,0.30161075062277637
-2.0227182200819875,-1.8326535715825583
-2.002850254338076,-1.511584169344508
-1.6056164596119846,-1.0760257540083213
-1.7634236511405732,-1.2198951836964746
1.380166492179428,1.2385910470388113
-1.6848306026936923,-1.1676180286916513
1.9475755027763888,1.1794640305213755
-0.05512190521055322,2.1086523993222808
-2.7627768715242054,-2.8032304809127493
1.6732552270279069,1.0926270330619672
-2.683234009902842,-2.224347441407094
2.0774478489952375,1.2400643380421839
1.7602665889909184,0.836586501379712
0.2766964146421968,1.507608694834412
1.3287235314134942,0.6513321467029188
-1.218465324557358,-0.24868694853334247
1.893373975090531,1.9670332882641501
-9.615316494831658,12.215741952326917
1.7044998884552593,0.9097838918253954
-3.5145018351537605,-3.6817713979435105
1.1806430664419456,0.41697051349732966
1.4726879275303313,0.6068230149882148
-2.7275579033334605,-2.1821478773526004
-1.8686963101581167,-1.134193967187537
1.5111798614922551,0.6396462509007399
1.8008034640406145,0.9514159993742779
1.049014747448304,1.0032818980925946
-3.147701460327248,-3.3466995454864574
0.6849261746632945,1.2347204210373448
1.786517871761271,0.923583244124192
-2.8539996527982936,-2.926782110836621
0.8625965114627063,0.619355344854055
-0.9679760800891177,-0.8685258666487821
-1.889619343719658,-1.5437460106920409
-4.070450303731418,-2.1327631019958813
-1.6433010217351938,-1.2522140977149558
-2.220676499113892,-0.7958307637501941
0.945959795216009,0.7957553137925714
1.6260334904529854,0.7721540775119626
0.25811795486060424,0.7137166712008872
-2.0674757849510823,-1.113511456397108
-1.7421946653764608,-0.8699411448112114
1.9555195228256148,1.259797672587207
0.9974609872928657,0.7338468113993946
1.2163222919913386,0.8934159492339032
-0.8074078945252812,-0.7230393242163198
1.4208447427424147,0.9552201120338158
0.24370833110331272,-0.15310407275228208
1.4020163571936466,0.5492424820258268
1.0284600772464731,0.6779493819369504
-5.0084158405501675,-3.3014610390304595
-1.4757549538654613,-1.27495661491966
-1.5962312230572264,-1.236481873815121
-2.7164799870037273,-2.2632725268029454
1.3483868153920957,0.863356682124734
1.6985743957584332,0.6397939017558332
1.3604300580579038,1.2586485436299601
1.0578256198119038,0.019532326064216933
1.464882090604318,0.5506635451770828
-1.61646243495921,-1.336103637249928
-3.245301527129001,-3.043134804285029
-2.1488402626617966,-1.6155054737131553
0.4053809926749026,1.136349319381694
1.287407084155138,0.5523696046991146
1.2778029925138243,0.29482968526924963
1.3704379027396902,0.5213241649782488
-3.5443708586303297,-3.664474942315712
-2.678217490086215,-1.7053497091912138
1.1847429304176396,0.8867091262324306
1.4568714996473617,0.9985589070007752
1.1148728108686246,1.0816459560587568
-1.960884527925803,-1.8721216053123497
-3.550877910562096,-3.41788444793664
-1.5960475131698755,-1.7093607294188466
-0.04292036688425598,-0.06139317551003809
1.4105856008259,0.3289864541248449
1.4653435956106304,0.8849539975630311
1.3088625602843722,0.4011130816951099
-1.0154942279513246,-0.9713208520242467
-3.6594031006986882,-3.7020380967286006
1.1693254954321723,0.8328485637555656
1.317183478184822,0.5614391986975917
0.9637439693964618,0.6954545032097071
1.2214173166999538,0.20743093091358467
1.4965552456045417,0.6471068534703364
-0.7256873829284604,-1.0965417392898884
-1.5274240488432131,-1.4251197321409836
1.8684097304968441,1.0860075022337046
1.440435708357069,0.5811381360350195
1.3060971277944067,0.4902352953083076
1.3485397265397092,0.40856158932453013
-3.2660840894482384,-2.9163813931546905
-1.6924750316451072,-1.4933460894064756
0.7723412343802638,3.0123569248672952
-2.5322211951237885,-2.6706827929517045
0.29010515487745736,1.8682649316594555
1.511515617243523,0.885166129386439
-0.6146196688075367,-0.6902390389425681
-0.5226712057066532,-0.5254471313756877
-0.22333657349423527,-0.7330737832839953
0.3304476997337665,0.0406414368766033
0.16347496875256579,-0.04826325085583631
-0.3715021748365257,-0.47120492620432347
1.176068555395725,0.23810936339732358
1.417655376731155,0.40009891211433835
0.37218445012753304,0.12020916943683341
0.3581117151553268,-0.2507096073158314
0.34555354603909405,-0.38735824023813215
0.4660381257823647,-0.21910154044061084
1.0610750426013476,0.15369417787216028
-0.857604161698122,0.08727705833944595
-1.2584771211979224,-1.2304834074695112
-1.10020633219134,-1.3539849777416033
-1.8759826341383217,-2.2084914274407623
-1.8644683763919758,-1.709926849709981
-1.280953366781843,-1.161011714895519
-1.3912105583531533,-1.4891491600540683
-2.4613883833208803,-1.213052939348935
-1.2734188600096104,-1.4300502203676406
-1.379930428958803,-1.2440778126098533
-2.2171521079926104,-2.131649061098498
-1.6996525653499925,-1.9691738490996633
-1.6807519575276377,-1.878807904606675
-1.6909466021679473,-1.8240402786761551
-1.498948204289365,-1.8433821088303388
-1.5515356485503813,-1.9767458852226905
-1.4721202688203714,-1.8006722424311339
-1.528832107513427,-2.0458573014237413
-1.0368005397397688,-1.5153304066405264
-1.5790046784609537,-2.000424449870729
-1.4583272369361016,-1.83540173098866
-1.5668791427810314,-2.0053422966816203
-1.5713628261652945,-1.938952621004985
-1.6329720079356689,-2.017298356270073
-1.5619680066548787,-1.9019121384851214
-1.4354049574515557,-1.7795588795725525
-1.3538398547169472,-1.7493099168911863
-2.3862140893905166,-1.8475329641076712
-1.7684587463198724,-1.8993884274580122
0.3949229140972143,-0.10339973167096651
0.3342616573296958,-0.5305006863996048
0.3468185465677539,-0.5794689839535209
0.23022301949980614,-0.6525123147805812
0.38135299532349526,-0.5377577693279443
0.9023646831942247,-0.10321586788327315
1.1066788427245304,0.06513058618506923
-0.008010161678749569,-0.7257935162159497
1.8578735172479643,0.8913815796537854
1.7320855627182894,0.7111715702540289
1.532465025874057,0.7704558100234448
2.209811919260496,1.1577698914908716
2.3945097566578264,1.2909565069832616
2.2240270133440014,1.4195628992024967
2.2846513517116045,1.4376104145548823
2.128066032218475,1.6303303035346361
2.367203949863985,1.2400372743940582
0.5960927516340047,0.38845826620941887
-0.35202897386466525,0.989747892650565
-1.5507494853945345,-1.534399660988868
-1.4962699528181094,-1.8685983783912332
-1.6082508973629641,-1.74312923859183
-1.7344840545028637,-1.534152723391378
-1.539734985590129,-1.584519222921483
-1.4476787559620994,-1.8292933698928424
-1.3708972301886644,-1.823230039376005
-1.2219202405600442,-1.4818462255483207
-1.1692700871207373,-1.6158319062145488
-1.2418087758359788,-1.7097548133509195
-1.6943538312732558,-1.487423393192476
-1.1976800968676053,-1.5179828277144751
-1.3003244363627013,-1.638672870714227
-1.4087464437350905,-1.7759522843511952
-1.8328122684094008,-1.582257761627164
-1.7156928682106514,-1.6437689454894633
-1.0733371404317915,-1.5022989228615204
-1.162680454707092,-1.5298110716592823
-1.186211128622609,-1.4881719780762674
-1.5932109760637245,-1.7103295083840022
-1.2590656704753995,-1.6713820131951125
-2.362393629870552,-1.6683190632647702
-2.703498821919416,-2.650216064744825
-3.804250143999827,-2.7627421819056335
-1.3176277202786868,-1.3780204680966177
0.04890597640560928,-0.5721479085589544
-0.8098063561846748,0.5298295358013735
-0.1837901235480697,0.09017991393527383
0.8121940602044536,0.019858760976599055
0.9934647136316503,0.21223647743837162
1.973750935053356,0.8006119246674194
1.8961395639815708,0.7940317384409634
1.8575469446397235,1.0834580980797714
2.022731510037546,0.9592027208144064
1.2511202777879573,0.14626045416113814
1.658875903539928,0.6168020709434294
1.5862260178074288,0.6823009807854968
1.5852962470022993,0.5024679275431204
1.277801092414408,0.19336855237579428
1.6367539049950663,0.5460995671500347
1.367574356406096,0.33492022796905324
1.31517073178153,0.2612555839035445
1.6269147002275217,0.5961046904389586
1.5753689817689078,0.538155207614568
1.7154163852911988,0.7174922770529708
1.079755228868675,1.585127812907958
1.425765608150084,0.3216492700838203
1.662401048022695,0.601155931581018
1.5977269440767905,0.5575931268813725
1.581694014748303,0.454167883590805
1.5875410935471048,0.459748061870715
1.8258658431760526,0.7365604619589146
1.7313867360686575,0.6803152892858262
1.79472103042717,0.7470328523501153
1.6457997335821666,0.7211185545614327
1.7161824685808238,0.5396089202704912
1.58277140871036,0.7785915699395869
1.5992566648018696,0.6089397962434937
1.5663678562106147,0.6433115466299698
1.6089243271248876,0.6580255017460183
-1.340221974366837,-1.3339043129706003
-1.4930532596013335,-1.6404979251186442
1.313513663645077,0.2624796676008173
1.148669789440909,0.31422219089656384
1.6162761669003383,0.8202321983258002
0.9879092608305021,0.3600110956793894
0.9616462815746404,0.519732659225325
1.2596576544160043,0.4419277128677133
0.9852272801936514,0.08190295447416449
1.0769511500090032,0.07670619180366633
1.1591864045126294,0.41132767866974296
1.0725414776662816,0.8793157336661923
0.9216810488174982,1.2365128104241394
0.8867375776299609,0.18944693420886133
1.6646344824632169,0.5539764457230995
1.5004143715268332,0.4990549348292919
2.2922535950333884,1.1336115882764901
1.3089657733296383,1.9513797284940202
2.2421795210515465,1.7196101645461936
1.347918660122059,1.1829709428129562
1.3421437328187968,0.3346741167870422
1.3014793770093498,0.5978980227466926
1.2104134854777582,0.5121955414505721
0.8809385490374642,0.6326158315859565
1.5773004839927738,0.488078025601728
1.041675061583764,0.5418129498487088
1.1989386256573487,0.21879904280204424
1.159956231653202,0.3357021862540552
1.369927557274123,0.6355564881719626
1.1957636349635463,0.4053178450697369
1.0539690564528237,0.29742368906059335
0.7712073348215405,0.7250924681063763
1.1302784015930765,0.23335376390241772
1.1665816273406464,0.31729207598455395
1.3251906844156398,0.5068664379072911
0.9970384525788327,0.4275933582141407
1.3077848750648284,0.37647366291767737
1.8075961927796844,1.0025948067827668
1.646454275581731,0.733962537662909
1.2774606613722475,0.35918538768075187
1.7782926636993284,0.6777562221173077
1.6705466207475013,0.8818065560119548
1.398729006906295,1.5181654715370596
1.2446022051292869,0.21086367875713713
1.2198434457044047,0.727464257416955
1.378450471670322,0.42567689936302305
1.2669679522072563,0.34617631104521096
1.1989365407074595,0.1685459220583235
1.2654214906522587,0.2185050593373824
1.2211405909557762,0.4482246249042129
1.2275088245908172,0.17881107391766207
1.2941590041198243,0.2597323713033599
1.4591915522741188,0.897183229957048
1.2513650751480663,0.2918857858122624
1.2769579169462104,0.38625230031672986
1.374781852044564,0.6172905560631428
1.297540847547223,0.48536398609143466
1.2241728786465766,0.09027367726987354
1.3190919400115002,0.396152120832445
1.2699498874710338,0.19652028934371701
1.2901627893834025,0.2707400750948108
1.4505490665977308,0.5529855094975606
1.1135506883829034,0.3453843205300975
0.9398201193197993,0.5912447653357169
1.1126371296379307,0.30323730128784904
1.2394168230872276,0.3574521365077964
1.3407992287927921,0.26312150096280673
0.9745400150550514,0.7280214559745478
1.4473678657442988,0.43143325943545213
1.4034258767715933,0.6805278222922413
1.2962622887675117,0.5626424478487634
1.3110953632388136,0.23674559887397548
1.0562894688586988,0.3637765825061252
0.9469553444898479,0.02727929108634311
1.119979994055309,0.5537246865204131
0.9759074066583017,0.6496474357860689
1.0538023991761376,1.058905688897875
1.407173802135301,0.39262398300516327
1.2879034701487122,0.8342674107004776
1.4986677628154044,0.47308775705611306
1.1365052923388077,0.3524162782921726
2.0105384407255373,0.8643486206206038
1.2304272360947495,1.0477175685928022
1.436682540575925,0.2940634324575978
1.2290393384584044,0.24782328211363489
1.1633625503559708,0.2841397339215273
1.7106649648783152,0.6518794450301459
1.5501550162088338,0.5807046583243979
1.1418596651782336,0.40825563558537903
1.4426894349782553,0.3974432800172612
0.908675535473084,1.216620329946213
1.502793379086336,0.48398025191603916
1.3100859246143628,0.5463054083178928
1.3728174962604816,0.4705548682937683
1.3721831568048128,0.28113683528125855
1.5519307852717996,0.969426999663491
1.7150089599345653,0.4378719510214241
1.1968768751475787,0.11147595299482817
1.3468080135398888,0.13705109104220486
1.745933165806436,0.6319064908027587
1.1622882300835176,0.14936691269192207
1.6396256218430516,0.49730559038280836
1.3963562500790834,0.6592632781248974
1.3582275511884014,1.2317112230387677
1.5186197955863077,0.36682442831545575
1.2565029913669281,0.20932700223486714
1.8511758986613878,0.629604874336652
1.432050072464948,0.5924876899959078
1.404009927340546,0.45862532877854634
1.1296474667658716,0.658644039465782
1.0064804774650722,0.5646254257508583
1.4241246848169453,0.6455864866454594
1.4718995672023678,0.6495012771465639
1.487679080925338,0.7259738536203617
1.6503192653468577,0.5741141690064786
1.5223672220863085,0.8359108933703394
1.7838457115394755,0.7179867862154047
1.9107024584145529,1.0666784949514492
1.8625008815251156,0.9439318474058845
1.1948949649445355,0.5247599085619958
1.6418148485143516,0.609423859623179
1.1535857124709676,0.7713761161467467
1.4817777061615045,0.4262377780643986
1.4391032548842897,0.25842003800922986
2.048077217882234,0.9288474670241246
2.293011408122916,1.100919954410716
1.4410405357301734,0.6650607844187353
2.212293219132279,1.008297402132944
1.4193889731454017,0.5553035671674947
1.3013065844425407,0.2008919533165961
1.4187566024394487,0.9155059106990241
1.625261788467917,0.5827562144680914
1.5657239989095817,0.3532443147133325
1.7139962887707172,0.6478586645622827
1.7583586791388717,0.6618125038763891
1.2673996881297447,0.4961431260942176
0.7431807105439014,0.2634625668136878
1.6390447085321904,0.6712620035818044
1.5868100162132337,0.635892391291671
1.623914335633163,0.6101023069998122
1.7058966351992395,0.6030165709061998
0.9682275016910021,0.3961939708379779
2.069251745084957,1.1355421060432647
1.6343147338475708,0.5540905434280692
1.6142205917413839,0.5348053059898163
1.4311909820995563,0.7817870828747162
1.9799332615506646,0.8876602843546868
1.4902820239730779,0.6685855860446602
1.565573179223308,0.548124301101293
1.4038891325156537,0.5857490039766874
1.5852026764592952,0.5048795996700708
1.83759768202239,1.2204534930244073
1.3316032988264523,0.3066221892681732
1.7406216262421974,1.052417153616291
1.6168044467120772,0.7212701735585213
1.1291370300852968,0.13623570443864302
1.6564387660556055,0.5563312033896397
1.0490626606271087,0.7791470393563293
1.6025921480945555,0.7132415506969559
1.584579469667742,0.47219475037012
1.422719566716452,0.40649109397472827
1.3987448551864754,0.4228839781128849
1.7469196733011376,0.7125332014677761
1.6523825085167345,0.5460215030279821
1.3810359648938177,0.8077613283032336
1.3385603975704492,0.25516924440273503
2.3770374779363035,1.1605961887578506
1.2891021505570905,0.44650367677220604
1.582878498003786,0.300758684799821
1.0150489972212418,0.37448551695185245
1.671554355548749,0.41273516493509205
1.5254875862059718,0.2446683116871131
1.4804126808409426,0.23034923183410427
1.557078169889694,0.32556144510931456
1.404740019131565,0.39986141641693973
1.3642961102751097,0.2228676630503923
1.4451175293773268,0.32403129355026394
1.3498926719743822,0.4806086447669133
1.6109837874839261,0.6999904743802917
1.6246648851776733,0.6670283381732139
1.600882632747106,0.6667502423675696
1.6065206760822555,0.42305227941322676
1.2350544854922652,0.032740881150177814
1.6114618643793053,0.45651781517898676
1.679617974334151,0.6984373466711131
2.086752601300293,1.1055485625131307
1.672903317129712,0.7076621274218227
1.3399711771819827,0.5547960876397735
1.4533343213279568,0.6791863349597114
1.3438731512826991,0.6252326441171532
1.4291498112565237,0.6848400741876425
1.7411323066304918,0.9480301512853835
1.753249772243342,0.660768701070525
1.7876647673280088,0.5860815666325556
1.4934054942541326,0.6415477508209071
1.6972852819618198,0.5272462019657858
1.6668079364594046,0.9559766094428616
1.297673545255424,0.3439978554116175
1.8373336286708892,0.7310008404737653
1.4097943822338224,0.8001925953070294
1.5872712711183816,0.4269572472984493
1.5395074242025621,0.7417748459221207
1.5350010071683693,0.40109411075678936
1.2432737944454535,0.6276435759372501
1.4457827437594042,0.5069807534748633
1.5355103213958852,0.39459294627954317
1.7122547667452677,0.6142385127829257
1.6650604336864547,0.6638408897911394
1.5853185106359466,0.5406056966182496
1.6418099011597984,0.47554821895718474
0.6249183105305591,1.1121610108222868
1.5548283891726222,0.5236347423066087
1.066875218372421,0.9971057757178265
1.5503922979808247,0.4808019907247914
1.3769058880083593,0.5848872605410897
1.5819671056877416,0.4982655766870182
1.5862237669087842,0.5679452585322259
1.5393830874973784,0.5724062961753035
1.5970212479055281,0.4819786149072514
1.5700424666640027,0.40921829288771955
1.6712840835930858,0.5866585580146534
1.6482363374762805,0.5163636266622917
1.7619384131814824,0.5498206318175822
1.5272187612460482,0.40703605047454
1.6957510255606847,0.5259043782533224
1.660220071339079,0.5388007616590414
1.5257087115099937,0.4381685744721937
1.5505055641171757,0.6889326502523011
1.32681596930581,0.517961657661442
1.4705153166350182,0.4118318219991488
-0.2741673850863241,3.622136001615488
1.4664622899920954,0.3564490910674561
1.6253308770450623,0.46370867627011686
1.4706511186034898,0.4536710456076374
1.4249773973475686,0.5622438398766773
1.6936260370737752,0.49575760758117654
1.5038117155663244,0.3903244057776518
1.4244483022804428,0.4924969406180483
1.372145586801486,1.1135440711108604
1.4614757138325694,0.521663697370728
1.4303699684254891,0.4115129475555135
1.5386400362689432,0.347586052110464
1.4623488619032108,0.37636046041855026
1.3803832254866026,0.3472764086922706
1.4791274041821922,0.3180647342120567
1.5727236900586137,0.46674781357596284
1.294881866292257,0.8951148557692472
1.3960939528407394,0.30546337427745107
1.6822795000961284,0.5537284701140999
1.4214791797108914,0.5588798586636603
1.4096174461932571,0.3410370893018491
1.6517169076245752,0.5455381179173439
1.3659812217356904,0.24670649360138475
1.720631235464164,0.8910009254082779
1.559851521990774,0.7954775404214756
1.1588630979604269,1.5784929500861158
2.206685850316799,1.1761476102885813
1.9476918650177204,1.507146417573469
1.6457232326028561,0.6505136911085356
2.282395219619775,1.0616775212154805
1.7781772066980694,0.9381404431662423
1.7714620188843269,0.9070533777083967
1.805822179283438,0.8395385332159172
1.2807830332632406,0.25558836216957986
1.474440206776651,0.7399543688129586
1.9315515486148878,0.6390451999545298
1.4007929626939875,0.46665229359227767
1.4034940451459836,0.7406097310486954
1.3728759160069341,0.6304399730776142
1.1439268500499051,0.649392839214291
2.0069696189067705,0.8290172815737562
1.671358596202853,0.5559425745281277
1.1079878580854148,1.2579899530375125
1.1922522939310818,0.5726639033369058
1.241454078905692,0.22512202800986997
1.334645870512381,0.6129056189331684
1.4326632842946587,0.24285932842237878
1.2823746803661367,0.5575359815383724
0.4964526965984162,1.6713049961714272
1.502377806194838,0.594284646763797
1.4356664335602674,0.32448034366502326
1.978636105170903,0.6453170928560564
1.239201351600099,0.6712008143627444
1.9725460689767438,0.5469910098380381
1.3312760401940793,0.6443282724803477
1.4102633756337866,0.4668172938102328
2.139007427288076,0.6461278703377213
1.308267970967655,0.4628724430386688
1.3311251361878282,0.38721111971912436
1.394070405772251,0.4991788695255677
1.1867938935508466,0.779445424468532
1.2581528480399868,0.6169441661989221
1.3195767711088833,0.5744175832815105
2.2715417117032053,0.9649567267426142
0.6627367405276711,4.119437172829187
2.1837506796342123,0.8257454227881594
2.548942494310631,1.1613787328107454
1.8612092626170618,1.490231230110079
3.1053288876976115,1.4648302538856817
1.267715303799247,0.5895315247482519
1.175240046025426,0.5407042535791937
1.2410793273394884,0.40107729875185927
1.3386211630608722,0.8803573396175594
1.1544347694835626,0.4200239135441246
1.4757406060285723,0.34314623687140944
1.315840211653168,1.0129140443019016
1.3318945597456726,0.44146276225643566
1.614659508910037,0.4202062191798521
1.6189645726418125,0.43545466924153375
1.5077990658258758,0.6687774095398581
1.5430717956806863,0.2766424791816302
1.5269571182031936,0.30194451812294576
1.3454886015499858,0.4869149955899153
1.6010098875938312,0.6640802236926653
1.3382662214675232,0.4969382584344224
1.1699700294524173,0.7183145143846227
0.990317053768038,1.1690178534179354
1.8730628762910417,0.863160066925653
0.6260614874194286,1.8333053473079657
0.8976724944267693,0.27230586913625765
1.0037536064721193,0.15280638123996967
0.30087397287707346,1.061432903221081
0.5090396153989349,0.11112044037881559
0.8677708601549117,0.19341287039119842
0.8853676692775792,0.28354021137632685
1.5857370024007382,0.7560487081651465
0.9794153388216648,1.9269315892046934
-1.4345550616867997,-1.7954556703754705
-2.8016275544548552,-2.7195833101845297
-2.657084308265136,-2.3847289442852158
-2.9625085441051633,-2.4934006655239283
-2.987924184707139,-2.973759875295241
-2.0634935502027014,-1.6382722297548156
-1.7520557060888224,-1.6585678122711711
-3.413268305737024,-2.8151124346129945
-3.3390480755725407,-3.4204956831302322
-3.4537752727893656,-3.398389602976637
-3.682280767245597,-3.372979089938629
-1.6272884954269753,-1.7092733680082355
-2.1144979278530873,-1.9232121511729319
-2.5363609588522222,-2.4738953827793826
-2.1794800553086104,-2.545488847520407
-2.192180979067387,-2.56203816770446
-2.283226851259232,-2.442514733802527
-2.8608118749688423,-3.001128630133145
-2.7212722298190046,-2.5796755142876955
-2.5709374714162734,-2.8462383853280944
-2.1996328932716835,-2.4867479134942405
-2.584103900355525,-2.897626761553916
-2.6080718260546787,-3.0274366689424834
-2.915473785937368,-3.007209374060464
-2.620903871055622,-2.8416224061547943
-3.3581460181696277,-3.2262615240518153
-3.0119008505163194,-3.243197069983085
-2.656113749004063,-2.680336070828898
-2.8864115096408587,-3.255432217691311
-2.6848976713169312,-2.983850586472027
-2.7866195516672847,-2.83063982917655
-3.0843462019220564,-3.4561698914747265
-3.148002224753012,-3.3346853047126808
-3.057979407704867,-3.375514911806013
-3.137838799076596,-3.4324556630741796
-3.2825650416382186,-3.487801390497397
-3.204099153465352,-3.5589152760272422
-3.2047162058069487,-3.4120885393521516
-3.292012851952033,-3.462005858849396
-3.2926481439672393,-3.658362902288983
-3.6294325384039468,-3.6834246443179746
-3.3775276921457547,-3.5517020308734066
-3.374232920845708,-3.7602223257171583
-3.4368208508717104,-3.7240323840592233
1.449386841141374,0.440014734001581
1.3626389701470827,0.4384846277993982
1.4344202480856911,0.34106754116119387
0.24702179159306445,1.0968413785370732
1.4598013153495049,0.6786671004492293
1.5684279618039811,0.4202516739666764
1.6522476329192104,0.6097191075530571
1.6443580070834434,0.7185653135388748
0.10741388561574465,-0.09673320121230176
1.7857379190217753,0.723665107709181
0.2119691312860431,-0.5481318965468414
1.8544037764038732,0.7063254884211638
0.05679376639847272,-0.12156291658876006
1.1290105715861023,0.11619196853679013
1.2563418831131927,0.036816393501391875
1.384207312223511,0.23170669849437484
1.4283120412632135,0.28142752223420103
1.3747188919228543,0.21209822460374597
0.9313807252178662,1.4689508266603475
1.0834484180153434,1.0454222130632485
1.4181967918547793,0.2710805123956041
-0.0737197403998209,3.0165875711463315
1.2997173244322624,0.1386191765750025
0.15880768280109742,4.1023327360313475
1.379045002107807,0.2821629491452041
1.3229411610021133,0.45826242317210386
1.1074158112413,-0.05363664559440267
1.026881263687979,0.9750886143149528
1.1852166206754924,0.13006827270684754
1.0904546344568926,0.6838189771579836
1.262166332524125,0.13050581821431753
0.9080169816153854,1.226640313894219
-1.124120637010037,5.305368873843843
1.026333754721402,0.10137252570456344
-2.7701556317215794,7.835199544418242
-1.213462921484681,6.202613658242443
0.8693096032937081,-0.16454572906171372
0.8554845282780199,-0.15924047724715215
0.7994029659840245,-0.006116010014647434
0.880462927975619,0.22065847473493946
0.7108121204370977,0.8643241247670008
0.5999299088046689,0.1503985167239567
0.7858287200774486,0.20970000577764925
0.5844352178504673,0.6300102132170627
0.7149218483761887,-0.29627010915069335
0.9262776336666301,-0.014515993504938507
0.9000572348835475,0.08582026294559121
0.6504657855468547,-0.1341413073643947
0.5824676411476776,1.23314782846368
0.8037333177949366,-0.034510038508897375
1.0793464867151765,0.026060923985159464
0.8091789803156686,0.2796808434316689
0.7523638703498398,-0.06564504709954809
0.9359305886047375,0.10354072339911849
0.26207318958077386,1.142919670093141
0.4204086644104313,-0.33988058098717683
-1.4254529841162853,-1.4774233896123217
-1.2466398787652897,-1.3055339301309625
-0.6529204500561283,-1.124899484732182
-0.999349382582238,-1.0871375642860004
-1.4367894079942354,-1.4575218871237212
-1.2312348290710233,-1.5978022466345787
-1.563119053913879,-1.1136214039663674
-1.1619225382163636,-1.2455500372830932
-1.214472479464017,-1.2098863130718926
-0.8498211982574448,-0.9193701291339134
-1.4110206515458816,-1.3691507766396576
-1.210796985071066,-1.4193128561736243
-1.3618561850739488,-1.487236418694953
-1.3618462843353278,-0.7235007691081183
-1.134033834035475,-1.363541072373559
-1.3157829419152598,-1.5673158926244228
-1.219881544295646,-1.732823746915494
-1.0143455182156236,-1.4840104870152415
-1.3239430139829595,-1.3232624584361623
-1.2686170267663128,-1.649454494474058
-1.562258266288892,-1.0282476007054322
-1.3098419764650162,-1.5417742489476505
-1.1358392983766241,-1.3211732735366206
-1.211843783719455,-1.2771522685357861
-0.45756273209779985,-0.8320717627494945
-1.077515957086929,-1.502027002693673
-1.1236347525121204,-1.408749527708675
-0.9914363294259139,-1.5348065010168916
-1.2116234221728792,-1.4406089834483529
-1.6051701680660413,-1.4450384062062211
-1.7797160319462577,-1.153865081129966
-1.2637826965460666,-1.3762949188724465
-0.5865410037326803,-0.9955673002247903
-0.6489007102960161,-1.00472700229628
-0.79714922908128,-0.6129638041634029
-0.8555781831736124,-0.9715342427188953
-0.38973078462662203,-0.7874081895670504
-0.6372814548736143,-0.6231348099110713
-0.5159662104005737,-0.49133087830904926
-0.9156265170422667,-1.3399149277149793
-0.5887644963463128,-0.7304337388908162
-0.6763874464412444,-0.5526098108180305
-0.5850216836632486,-0.6708886862494396
-1.68519903069368,-1.5574487982791916
-0.4126955797439987,-0.7831591813626799
-0.5816837646078097,-0.6293517167502216
-0.34584450761628793,-0.8145190447308487
-0.35223774485100473,-0.8160678298367724
-0.37880535315491415,-0.7312017386111428
-0.8082396979727213,-0.68892444294726
-0.9789769752201819,-0.997069793434475
-0.8070734573260142,-0.8082543256901795
-0.5201603390749711,-0.814008725227615
-0.27608430192253497,-0.7876678261479323
-0.737707744368643,-0.9049584330336014
-1.5482510884514555,-1.547266848392564
-0.6129789028840583,-0.9370896747369775
-0.21688570561772583,-0.7998390260598061
-0.5223065458391306,-0.7790032323013262
-0.7033960596072975,0.7767624411719983
-1.219092215535511,1.2237666613091693
-0.5048257127596031,1.2164113154790106
-0.8164057883074977,-1.1894722510158826
-0.958009518272396,-1.2407799376011601
-1.0608538479847338,-0.8329907076113294
-0.6765805467510532,-0.977786795287486
-0.3242944856483279,-1.0187644051328886
-0.44058551390002343,-0.9061373895492383
-0.6978147571398899,-1.031557726489588
-0.713491652579756,-0.912594991335014
-0.8163099952483428,-0.7731868939809411
-0.8699044807090525,-1.2894816888187197
-0.7248387435146855,-1.153266902059059
-0.6693990058061509,-1.0136475841038004
-0.835504278816544,-0.9505780478321554
-0.5544864824909872,-1.0056570352047822
-0.657105833518095,-1.2107172495533136
-0.7206959367860446,-1.3370852428308353
-0.7391531474270426,-1.3487875042288273
-0.5183312829580469,-1.0614276546296177
-0.802395735916886,-1.055215820851662
-0.5409083726090004,-1.102414559874578
-0.6501295606348646,-1.1755404085761731
-0.547444080491822,-1.1409119358567672
-0.5131880116369146,-1.131397620106296
-0.6741310250055909,-1.2613720753532796
-0.7098846926083026,-1.3403964696664576
-0.9519338672839751,-1.080154220034227
1.3321596386808787,0.36504245799359686
1.5791840563866741,1.3113166215070562
1.0075888065770615,0.2199650542239065
1.5997536079041201,1.3902956478262445
1.3289709903911575,0.6281826001509219
-0.8481514204097123,0.4862582034175271
2.1352588296391724,0.9306049822851654
2.1203035153189824,1.0823174537962452
2.560508238622347,1.5316094192066059
1.348982194721505,1.1794038484449956
1.1692054397959422,0.5128845572381461
0.08945961596212439,-0.5148085299140089
-0.02072030429908955,-0.1916219321380271
0.040535052045982706,-0.5055960182615157
-0.29968730228224866,-0.30103273344912373
-0.06572601124937338,-0.5787975635676477
0.03786357243313036,-0.5615172912693186
-0.08563883852025718,-0.44566527560512575
0.18248419647310646,-0.44628864871486634
-0.1701703966452918,-0.08423419086363093
-2.194993592961135,3.130963012722276
0.09605573922751887,-0.3218599585750553
-0.18491500871206712,-0.19318959958718632
-0.4200490499551617,-0.27154850501463434
-0.04393060033912206,-0.4516306273037932
-0.03484926787720839,-0.441462970516919
-0.1681330269086016,-0.5386535682754318
-0.07740939591980545,-0.5998141341158613
-0.2668428522435577,-0.7083386523032527
-0.15526188769683696,-0.5318916059124246
-0.1278862872519744,-0.14010274624674346
-5.584539805688803,6.691168934201937
0.0323648157078441,-0.5136885421589091
-0.723752967382653,0.12281936719260868
-0.7748248777737704,0.4641450435221462
-0.40938807462807997,0.7720615807795175
0.11249095524222963,-0.7108584394975368
0.13009900205084804,-0.7153782463380165
0.16611453952162714,-0.6415653611723013
0.05428308551873406,-0.720572755930764
-0.24260209481132844,-0.4539871649469884
-0.1842918789225611,-0.44216922112429724
-0.9443621251488583,0.38608011085438343
-0.011747993165082118,-0.7052174580836621
0.42377902270313833,-0.2147808561635104
-0.16870089226078752,-0.7434301642038359
-0.9016396388730422,0.3801105008492128
-0.6298447223960016,0.34911671953767637
-1.1292661906747916,-0.5322895739991335
-1.0185378059873813,-1.544495725449226
-4.192309345847178,3.3711551666616666
-0.506907117563004,-0.0058028516930495495
0.016123965051033935,-0.731897699714615
-0.01958830160831107,-0.7948208435389673
-0.1727163707430743,-0.7686428105875621
-0.12265373185581845,-0.655148399303245
-0.198749432008538,-0.8077878562148615
-0.31989860421220445,-0.310655511841021
-0.41631046694351836,-0.6259646163354996
-0.5556945895576996,-0.47718404357918115
-0.18472254856128725,-0.7984332858493207
-0.500274207599012,-0.8023492803877964
-0.37929533732400816,-0.7677793917552547
-0.5208861009758862,-0.6770962784504713
-0.1370104118080461,-0.536281333106571
-0.3469727666796865,-0.7364567574091452
-0.30704295157022593,-0.8117631662000792
-0.662807831105021,-0.7071050774780195
-0.26510661254081386,-0.7522411340707027
-0.6089666045094415,-0.6479653497505894
-1.2399768067866161,-1.3111349668988395
-1.0034651579125424,0.5129352934283098
-0.7614914807149711,-0.5667419427252426
-0.9262139238577551,-0.3762117359471109
-0.6811773904562838,-0.938152432731969
-0.8387516357746928,0.14448596278061823
-0.6847367410088511,-0.6201803332506445
-0.5782565892017951,-0.9791313951018771
-0.3980851147438746,-0.6561239680877238
-0.37971359861512904,-0.728746440881963
-0.5363493700329236,-1.0380042705211685
-0.5273949033921238,-0.9031222450854777
-1.462909946863914,0.5204873254453415
-0.8293401427342915,-1.3480627458160517
-0.7494712305098709,-1.1667363782853881
-0.9534730348649108,-0.7965284922295942
-0.860752235389348,-1.2869421913495986
-1.118652999023887,-1.5862189942468647
-0.9764788711449808,-1.2931859795025682
-1.6948953528756625,-0.14354652902538237
-1.3285973603669667,-0.9670279009578056
-1.212555404779438,-1.557900891159305
-1.661069274047876,-0.5158710859068087
-0.9848490737039328,-1.3283945699980704
-1.3149607798449612,-0.27062754381538107
-1.1887095285834348,-1.0944339888698038
-1.0477803049269603,-1.3103023176071462
-1.312924447038553,-0.9916587505422032
-1.0609556067496875,-1.4139309113177305
-1.6412387703517684,-0.2879851325658751
-8.030738784033451,8.812628779103804
-1.198033578095763,-1.2823904185297925
-1.2407679901603657,-1.4697371310104843
-1.535957753862731,-0.6962012773674212
-1.3142637391472816,-1.6307119532558052
-2.485318091150409,0.840104859825655
-1.5921523604823888,-0.7997270815238037
-1.4097713574758874,-0.8473476061722214
-1.5755024531645567,-0.8505201143079708
-1.2618873011775216,-0.47532525804035947
-1.592061760570976,-0.9037889068965528
-2.7451666294750905,1.2248898359030675
-1.0046676928103326,-0.7837462848617887
-0.566579409639929,-0.9196529106329808
-0.6021709452991325,-0.826375003078241
-0.4483786461174291,-0.8600457786655877
-0.5174159199206987,-0.7583040835528958
-0.3959962593010389,-0.9121081399288665
-0.8327814244413254,-0.24158514820112625
-1.5252171111107866,0.8548386419209767
-0.4656892415801248,-0.9524202404126841
-0.776238691004587,-0.8238984054936814
-0.9718122086295535,-1.2807916702572855
-1.6727497299223444,-0.5085201727615982
-0.9952470987387555,-1.3094680106451417
-1.009062226362727,-1.378638189604822
-0.9379444343760512,-1.2214948141034239
-0.6351828912294356,-1.1041466681463428
-0.7266664507958194,-0.7331434053501905
-1.7390076120084217,-0.5127248443818914
-1.278719508335661,-0.7968909530938487
-0.9498081558242847,-1.4059453132197919
-0.9836940852214566,-1.2638399876830406
-1.0222630556333983,-1.309321008897583
-0.879532294367539,-1.2716646423222777
-1.3699367320983522,-1.6275112867751902
-0.6463685503206202,-0.9595193986648388
-1.4315064432722413,-0.6060260862295667
-1.3048443160203071,-1.13584337108933
-0.9998703948329227,-1.3530602071232651
-1.2798638837925915,-1.5881612919480899
-0.3861543186266333,-0.8956670804493937
-0.40298074413458684,-0.7713320224935563
-1.142999550241834,-1.1299959394616081
-1.1476798564199449,-1.2478582325472198
-0.6441609697679853,-0.8782360249572254
-0.7161295988428333,-0.8220520590114051
-1.1756216906001793,-1.3712219543549542
-1.1778532027734185,-1.376450047666617
-1.1468498227271309,-1.4913341998274565
-0.7499076556891487,-1.1116928663340502
-1.047427254302382,-1.1722904628440574
-0.8036130767835353,-1.0737792184019768
-0.834348600950895,-0.9946262091687786
-0.8431188215358247,-1.1251526010926525
-0.7951162864123595,-0.9003332985227909
-0.9669414829665554,-0.7289754578288694
-1.3617928562652972,-1.65785155669751
-0.8844478130942813,-1.0430367997113208
-0.8128540198843397,-1.344379800962291
-1.206986925097251,-1.2837561486264926
-1.3916605135305118,-1.7656491795402969
-1.2176298923546722,-1.4019645107593204
-0.8640170557694978,-1.2275024002999404
-1.1806172607037844,-1.4644767227867586
-0.6306644081849927,-0.9972619324780997
-0.6092891285204218,-1.0835386287194058
-0.6535118907262443,-1.0788684805036939
-1.249485572359142,-1.443211737004846
-1.010361261150974,-1.2853680644882215
-1.1575492530836773,-1.5350337050283527
-1.1906725860357785,-1.444115402966557
-1.2366151291680645,-1.3931272116193003
-0.6307186466926523,-1.1318202684607523
-1.318071315450083,-1.25626577031354
-0.5461230624642823,-0.9201071116545719
-1.1227337452261281,-1.232232902041885
-1.2298375713771608,-1.4242831347770633
-1.3978217090357095,-0.08838169358576126
-1.2362247632421155,-1.457015171310837
-1.3827974085977859,-1.8657158532741387
-1.236751003554952,-1.3097477192524276
-1.2589721055364327,-1.6573475193013731
-0.8412432221046989,-1.3925154370388204
-1.6967746360754985,-1.5963858890091098
-1.3670898600669745,-1.7127236022194896
-1.2756077166253779,-1.6594191274139265
-1.5832432950651831,-1.4503973759906394
-1.3516906954910366,-0.700179832943127
-1.4080073221489509,-1.7382673177491803
-1.1734281875275063,-1.3470060676853934
-1.0007935234140253,-1.2874319626702808
-1.0245372122310408,-1.1857428707862452
-1.355031232638333,-1.6596095045359618
-1.2919221361644575,-1.349918051096478
-1.357077183807093,-1.5626122316213422
-1.229197537486855,-1.6794718001165059
-1.281837479751303,-1.7836576239062354
-1.4578424271791375,-1.7584553469393394
-1.360487848420062,-1.6811780110943528
-2.0035266024550906,-1.6676007655739378
-1.3932705192373915,-1.5191580234192517
-1.4303337887724983,-1.5387399733610352
-2.022469682377535,-1.2053433756252152
-1.3010157569875842,-1.7595677404113739
-1.4751314492542034,-1.8103040322426325
-1.6980490913550863,-1.8286678575931268
-1.617435042953559,-1.5329154760867278
-1.460541362222678,-1.7555348458100335
-1.489162661672768,-1.84970760447669
-2.156271984024665,-1.017971811454514
-3.564169853256949,0.8620672673230292
-1.4244847708804755,-1.8554483536174886
-1.5666810526734078,-1.6195961208822482
-1.619552995804696,-1.7716196061564258
-2.1419603709532082,-0.6857781363789388
-1.8247316416815325,-1.9011113818687824
-1.85114771423269,-1.7300613666634443
-2.050395537679434,-1.361296167504688
-1.11670288496921,-1.3262363824903618
-2.1016376505202605,-1.3571919801696553
-2.1897804475819456,-1.8465230095579197
-1.609801612953007,-1.5729649123601857
-1.949129411390675,-1.8170775186070158
-1.9771472735393247,-1.5889537813452115
-2.0542370272830026,-1.5061457897022301
-1.9527084316827097,-1.866034951481706
-2.2719888591801043,-2.1032210469273243
-2.236947406816564,-2.3498529416663736
-3.728666345188141,-2.713380021143543
-2.465459685381524,-2.75238762410088
-2.268522197794976,-2.281124204500263
-2.1555815231092903,-2.414446688049821
-2.1688425392759276,-2.465362367911886
-2.5653912332323934,-2.5679405013475143
-2.459927489117403,-2.5940968109486553
-2.8060844520702277,-2.8364877341130437
-2.7965502861075033,-2.900200992670454
-2.54346929493515,-2.306290978764348
-2.726929731580836,-2.9879320821803366
-2.6501380188502144,-3.039695854752296
-2.4988690130607485,-2.717394392607378
-2.583595090926531,-2.9118408698048834
-2.534972363026042,-2.6156663905129443
-2.5666686835329955,-2.675944422066636
-2.4498227635922976,-2.792311135094519
-2.3398664542858096,-2.714865487052266
-2.4776063328164657,-2.86850284925201
-2.4904960545113832,-2.794978921002498
-2.7789117127445917,-2.9387272093828907
-2.6404084465880717,-2.714098538633513
-3.1803973657972855,-3.068856370469912
-3.24280601947449,-1.943538894365584
-3.0878908348514127,-2.856214859646474
-2.8567198781552348,-2.96539536473682
-3.0230774578236734,-3.129081200321856
-3.0273166335026045,-3.2294315344253004
-3.086361380392965,-3.3049935534060726
-3.020547002013876,-3.2980556897630735
-2.941292027819805,-3.2737250998773075
-2.968377170384297,-3.2346240671121933
-2.9648006875928736,-3.325576154086999
-2.939571585761159,-3.2489574164074133
-3.066851494479541,-3.4262841645465953
-2.946551891690291,-3.1140461157884998
-2.8476973987897103,-3.1549589176645485
-2.9863239135777313,-3.2890029394263736
-2.9490440289293303,-3.1570921198882207
-2.9646049801210017,-3.1570274464418593
-3.030780358103818,-3.1795775198523852
-3.4479135990955276,-3.3888209652351318
-3.569018810600038,-3.7115550072535566
-5.787788324786907,-5.45754915550026
-2.7675741203881605,-2.743695996871931
-3.5343954500916084,-3.2484505126041996
-0.5409389454566016,-1.0696589094970845
-0.5009983490155561,-1.001021754118296
-0.5463471113855253,-1.0993547934092982
0.582608629436887,-0.12951855739130802
0.5130572326127824,-0.3957345155205466
1.9939154987260437,0.8889646986594077
1.220286823140554,0.15020367875507987
1.2425460393524834,0.18064511237955613
1.1942370456901374,0.031661927123687796
1.7886550004449364,0.7057803703757181
1.6378417680035746,0.5821053321025145
0.38478285051904826,-0.40437807503469503
0.20985755240517026,-0.442627864160697
-0.5020388408110508,-0.10103916759863264
1.0193784357557978,0.11361756537773088
1.3730686249014832,0.36519089380754094
1.30409549099896,0.29381818075717725
1.1243943817261792,-0.0467895904722732
0.9815123259259686,0.05612819295896388
1.2021209453038812,0.16977325979540644
1.3579165373606632,0.28053898665910204
1.4206006967007472,0.41136208062086
1.0642625194613244,0.7115721877242486
1.2699479808656837,0.19410090961639384
1.086194616665353,0.022580306902881105
1.0554902643502568,0.09540480556412276
0.9400641619091615,0.31534808721214364
1.0596511274540612,0.1407577628227486
1.0581527580689167,-0.014844045138881446
1.9316340154997043,0.8832275333871442
2.080336670670152,0.8737733441213619
1.702932244428919,0.6668483951753374
1.5293601895700049,0.37628680905383216
1.5138927889560796,0.4532203807995589
1.3999343426943491,0.6010278679345595
1.3447357345491373,0.6242095767932662
1.5509625938732048,0.2833850868445041
1.6430050141652588,0.4145849450091973
1.4838744062500666,0.2312022070241193
1.7609211813502355,0.5893640129632561
1.6135049744887804,0.4997453734562976
1.6163707201597757,0.5064491512808348
1.5803788641781558,0.5673453932337416
1.5881053096848619,1.1312046313678534
1.798737158837233,1.0476358426017505
1.9777016846671973,0.7042977981453352
1.5400441441460626,0.5557689476780943
1.7647697291030264,0.8195225571545348
1.4754414533542988,0.37530207011245614
1.5029092370888104,0.8780557132078032
1.8053832948469368,0.7078344903669436
1.8423690281298895,0.6347246822820749
1.8384528104094027,0.7589407670186895
1.3812943204020638,0.7327977942096975
1.8346456750407136,0.788071320377912
1.4604890469308878,0.6566014336963185
1.1520637687325244,1.007494022736354
1.3816937701955851,0.6377131285965033
1.4792717240636004,0.3558110065249077
1.4813437366214397,0.5532694895575724
1.936638099799184,0.5328090275420706
1.2060416935228886,1.0615335354807798
1.5198817225818195,0.3132233500767511
1.566817764093619,0.3553792501596252
1.5291260246523486,0.3360364494720675
1.377780019889557,0.6912327479528517
1.5106875296987228,0.756501841542264
1.5645285301317309,0.9618336846426678
1.2815469778302644,0.14367697374347296
1.5780252957602772,0.8723836387730324
1.5068544967706894,1.01740101342072
1.527303773460316,0.4925680876621491
0.8932073108427389,4.043844519422457
1.4591633167031806,1.1154496137206793
1.4062002940213958,0.7643641536083569
1.4504434686306984,0.7063236666761856
1.306057662402198,1.2338887921443211
1.3038588628215892,1.242961078107533
1.4194586420463122,0.4527065578875461
1.3655607831858227,0.47809167543750575
1.3822377896276803,0.5076796639273157
1.4504937297683276,0.5144755856186551
1.3240317217709483,0.44058139004646646
0.6693782357588025,2.6340881437406196
1.3105371352432418,0.4557333316720696
0.8062597225359263,1.0082656478046974
1.2260105687988507,0.5259371201188351
1.1391501301118307,0.8915174739658772
1.0179308154319395,1.361544038580752
-0.058176035126748314,1.8002801080508515
1.288514562523076,0.24929468996682555
1.2256824540879425,0.8764107905106023
1.2726907878689293,0.24818293428290403
1.1695196869549827,0.9604657906489256
1.851986805376383,0.9677749233081901
1.1240233259474046,0.6858557545111644
0.8011934819063643,0.32080194932217554
1.3722534649015927,0.37407245728552224
1.443852675488778,0.2684143613914808
2.6434083316162296,1.2439418032237153
1.1955874943876155,0.2076043150524012
1.6333654581591177,1.0997338506630674
1.2107422581156657,0.14146920564662446
1.205816137029743,0.5865340268535568
1.2075629246248514,0.30908319858052147
1.508224986879583,0.4229717162316453
1.1883419510655562,0.7260399796950416
1.5951956196627721,0.48199133752564904
1.227634996315522,0.5502107553814439
1.3159683443143904,0.2527520938756487
1.643988542258414,0.7288414499839188
1.5590552159361857,0.7727943129631896
1.6107189311002894,0.5496247608940886
1.4370375411548912,0.27121390371079784
1.5306048274654172,0.7985664606195352
1.5734875162758084,0.4710089522714973
1.1998865536311583,0.29285012634200375
1.3716994571835286,0.4522680190283421
1.2769460155618164,0.5926960327060178
1.257072033166672,0.7913403524425998
1.8268811224818386,0.8629500186939774
2.035612220420678,1.3565351316607517
1.5318241715423346,1.0065812957060603
1.4089644525473575,0.5366594266115455
1.333035466185637,0.28931233492565556
1.4066794631759723,0.6431042859119381
1.1957889772448238,0.2743094886942011
-0.4969777470885752,-0.5095285202445139
1.3335119710006278,0.30079446665995346
1.5413035939774848,0.468719575445223
1.5457207457146285,0.5316316730407532
1.4281998217897174,0.4202708859303358
1.3773127914307406,0.4175906175970472
1.466252461615577,0.43668532574058416
1.3770699975519989,0.3570002132842933
1.3116875042567204,0.30674761633489567
1.4148111016729035,0.45840489363090053
1.3143593264369855,0.3258602769745387
1.310179369150133,0.3572282182574432
1.3115968383506487,0.305779867563938
1.8335410794063225,0.7595792555643982
1.8264062020807201,0.7308897869065102
1.6747255297220238,0.7566836005386607
1.1733273776440531,0.37804153125941237
-0.10916421164059431,-0.42497013123482946
0.8085100129715584,1.3558727298425581
-0.09993060330752056,-0.4619359988865891
1.2334700473407072,0.9622311247583413
1.2664516762756572,0.23127577073459468
0.3536406305042373,0.018683514599711362
-0.8715556812474958,2.550664552353735
0.045385646378792915,1.1725624050671897
0.44629913672313204,-0.3664158808833122
0.4637779214470346,-0.4853295974933602
0.4845105945362646,-0.38509417561771647
0.5088136809839917,-0.34466178160298655
0.5481162616425949,-0.24486198114373514
0.5183773977254782,-0.40723554675397905
0.571307825242103,-0.13795677295718967
0.4972250528403933,-0.05435392476532186
-0.08911809855437484,-0.6561976643780516
0.12983506907439557,-0.7019303005685499
0.20590446422688874,-0.6661540687038566
-0.3784513852915571,-0.8551091728852503
-0.3939143192824141,-1.0065592741934932
-1.5138919252392715,-1.4325071201981043
-1.5968999024044082,-1.2651604176693625
-1.5590397354311574,-1.2598634654484968
-1.0478900183157838,-1.1120099924961555
-1.7347372277282198,-1.3879367179597522
-1.1583581001116032,-1.344613617327166
-1.5806320279879178,-1.6522969771753022
-1.5786842842249678,-1.8458665456798826
-1.6270196341710677,-1.7632578268866683
-2.492818196662827,-1.7611489629217256
-1.9007592867133367,-2.1819427123339
-2.1268136172350154,-1.7517103233025941
-1.5826661585802915,-1.715825851028622
-1.5272475283611602,-1.899149305891018
-1.8330126839296437,-2.186007871892341
-1.7671450999537157,-2.0538660104288775
-1.960340632953713,-2.2298354302654366
-1.8636827551683939,-2.216516197445078
-2.23618714608007,-2.3574582652945075
-1.960804971646441,-2.2241193170692406
-1.924117746278172,-2.2251643248763555
-3.3554960308535264,-2.81031378031872
-3.273662316141539,-3.177954014172957
-2.6639473623110193,-3.0419155124420105
0.4132760488369048,0.7502951190062018
0.8653257820913103,-0.026514823049420006
0.8920759752339118,0.0724464179495018
0.8912407280118426,-0.02504522110448424
0.8640839451056737,-0.03691169083964829
0.9190605799556302,0.003174024524120577
0.8858193297573848,0.06439002889058833
1.6284286467530908,0.47068609505052894
1.8376581403247083,0.6053904548086989
2.337578148800592,1.0026909472145789
1.8651977806717122,0.6933509593765713
1.96744105452576,0.6545510270262499
1.5146824443326445,1.17195843257485
1.805032967304744,0.5095804173498056
1.7923533376924692,0.5379937624438158
1.8107590120559078,0.8182822563612089
1.8767088163832264,0.9894041863800209
1.9691302929287735,0.7638014417987933
1.9323177263614084,0.8033645782968841
1.8274137371412944,0.6219006612500806
1.7192125613687694,1.0818996378556702
1.9490195353034403,0.7288752001227031
1.9572661122718353,0.9266900878974309
1.8713298946667378,0.7098052361699826
1.997613987075722,0.7108633886298402
2.0539520277161523,0.8002194987370028
1.8563101225375185,0.5477048152253341
1.9489883660825271,0.7710657994974068
1.898409326162991,0.6814124475596638
1.8349197953428444,1.0959344593707216
1.791508046737845,0.7023788126145468
1.9589810242998973,0.7776918216262908
1.9110360260014434,0.6566409460734188
1.6101345154182796,0.5404370328467821
1.746243093292753,0.793424801527
1.5109742830326431,0.719000968198753
1.352072674376899,1.021967450731628
1.5195506167659776,0.39323860248321785
1.4141497307100976,0.5599244988245293
1.5179148575416614,0.3080437854806306
1.3852221080659037,0.132101532635024
1.5517081536143895,0.4361180500866408
1.490706609457345,0.37574991564596716
1.452302426972622,0.37283415463696357
0.5212967740328107,2.508834809803069
1.3467785632672724,0.6829660537328629
1.5060869161546302,0.45828020844838463
1.3987482960623303,0.39356490628266544
1.420820186985702,0.3890794301847765
-0.347229929610889,0.22260092419316346
1.3457191019041352,0.22051000937212123
1.3477479537748134,0.17314587512362137
1.4149803728196246,0.22992673094727048
1.4411256999120141,0.2644046319345734
1.3996453181113897,0.2686765022682191
1.3392836701650808,0.1997956696169103
1.4507152657945284,0.3339646224375939
1.4622876654624295,0.2873102177296486
1.3880871898376719,0.2690248558364963
1.426875636940676,0.300523854300604
0.8644555758802497,1.4341116826823708
1.4395061940345992,0.3130997801406129
1.3879732483142786,0.26140915232121237
1.4287361342481018,0.24673826676283273
1.3333612252496205,0.19793860842547234
1.1976089293398675,0.700093139342397
1.3932743483520005,0.22106676176871837
1.4026352628624315,0.24444806724949003
1.153501768167145,0.9054444461385363
1.3896869658861088,0.20613752875862199
1.4298491738064103,0.3067742898480063
1.4328584739636128,0.25766188665680645
1.032499056922317,1.6150779192525817
1.4292225317390965,0.28243034911855064
1.4416797849590324,0.33501520936773616
1.3410790669437747,0.13560961396413385
1.4442080054764053,0.25840617807451255
1.4128456900864028,0.2426160240439951
1.4199507916978196,0.23434494118584434
1.40955600902011,0.29088745536871535
1.4243501051992407,0.3658751965778813
1.3917845848273136,0.21623897864685362
1.3294737813143884,0.14846816669649646
1.4490274092685649,0.3563408498131369
1.4414436690048746,0.288634211882904
1.2889427776173028,0.08254629159169516
1.4161877885778378,0.29487097933796536
1.1717327868446377,0.432629408985075
1.3895591661566158,0.21825069280198192
1.413495549390261,0.28478950064439684
1.3931214855212868,0.26575029970771313
1.4122820319629452,0.24213660903537337
0.834303016542617,1.3700688596773318
1.3512620108452,0.17944611646498274
1.3761685454899415,0.2183416103568289
1.3469779488563087,0.200805930026484
1.3713916504995634,0.24439029346728078
1.3180628634743523,0.13673686852953018
1.3461477724158721,0.1722458807037988
1.3298866696339007,0.16704302051776027
1.3663267609895304,0.2240819117269152
1.3536902228516414,0.1924533044112627
1.3096510978663738,0.1764794329833805
1.3919741327481239,0.2874988350501574
1.2891002106663116,0.18881052770955442
1.30844959656087,0.21981182663169946
1.2770598280307626,0.818500031685056
1.3784714479432534,0.3397077422325798
1.327763725679439,0.26109066214456655
1.3595843556582519,0.44803662758195484
1.3265546365677556,0.28411130490520187
1.286138021592383,0.21450393846342913
1.3075567446214542,0.18356070331756608
1.3454671131615419,0.320479091619215
1.3045194600735874,0.26442569045641284
1.3597983373590232,0.18324658523432147
1.193556015028636,0.6813773559738252
1.349542182502854,0.14781631874641626
1.2457979727051047,0.5851949455687987
0.4418812517271498,-0.5071896134790025
0.8226409318326228,1.12129323888849
0.6172528899481434,-0.21361247923134233
0.37824952986091526,-0.27402646504940226
-0.862302475867755,-1.1816635605030243
-1.088260763496415,-0.8602862314431786
-0.6473063289698385,-0.765773496852807
-1.1455029772737844,-1.3174839281782518
-1.3863955355789017,-1.6303741611938305
-1.23542779880322,-1.527882663252523
-1.3094928508048256,-1.4374833963817513
-1.5154505985455253,-1.7371475870905924
-1.7576219439975613,-1.5363205284769579
1.2377221718162312,0.9216649210233728
1.3640642612640577,0.6209127036841924
1.3298575217676776,0.6238104933417401
1.4342539290519551,0.658813712100637
1.5382185968099866,0.8549123850090409
1.3308901289378887,0.37473458457947306
1.514040437845909,0.507234210798759
1.6461708498382914,0.8343068798157406
1.3929289412917656,0.5856204718394762
1.419901219146808,0.3810042193660914
1.3956876799891638,0.5834125871560534
1.3851905818408985,0.30108785069054095
1.2936109338762176,0.30481179772926914
1.5902313319362527,0.5902907393828529
1.1406564128498382,0.36881859077406665
0.848473235002436,-0.004989402129112534
1.4715896277708451,0.6920395926315299
1.424659402004565,0.48627447233953114
1.1205705073009544,0.20892223914582672
1.3022102456524554,0.3693923421360573
1.196311482459739,0.4583136490411212
1.3067792350785437,0.5601654957557815
1.328527597830461,0.5470034834759495
0.993865361905199,2.1959994115317456
1.824502274342814,0.7895259403541092
1.3632813752326087,1.0038616557436781
1.1644453241419883,0.3091633020086503
1.6986551089757524,0.6634468489282114
0.8574890453154219,1.835541248514098
1.706072071062317,0.6810567365580197
1.6236221300785312,0.9101701774222835
1.4177073973266276,0.6562148974479068
1.591258205787548,0.578019036087356
2.1179583103723334,0.911924247876392
1.30587143948304,0.9995992189102659
1.479301301435737,0.4709319674923257
1.752704880830412,0.7282056711840339
1.4453775835125777,0.5455260914467682
1.36541956403195,1.0883490848488937
2.0224816665876757,0.7850491852041986
2.0524021315884076,0.9255734864915549
1.4745344601052541,0.553237289584003
1.597459792807993,0.8486457294307476
1.3370122923419625,0.5495837364808649
1.5034581348108653,0.8005146584562872
1.726997339461501,0.762440257714642
1.497041950096447,1.4894120266858693
1.3660332877995591,0.5285115725130867
1.3713938769731555,0.8012007030716962
1.1945646122114328,0.3435851625841906
1.902089205852844,0.9748408767126359
1.3993091961915132,0.5738178751248749
1.7760590946656825,0.8243675489126251
1.4579691748133825,1.0477828320003562
1.210979418405883,0.25572712876225856
1.443509781454767,0.7488056310098556
2.610530261077457,1.203112818167984
1.6542435907122333,0.8742951468969362
1.2648388502020558,0.6426348959660706
2.617489008733773,1.2060930749541243
1.2075986201576083,0.28839670805616047
1.3412258334354612,1.0134992297698606
1.2721893316257813,1.4315747965688157
1.2787341397274974,0.3471886886096358
1.0999311057345882,0.9298581611939407
1.1542410283273805,0.8349425707437446
2.314122749671689,1.1800377018624708
2.066146577480757,0.9882256213867935
1.680041362224285,0.7689309707891128
0.9112965496641107,0.8009495058228285
2.1344194981961775,0.8847428087470566
1.5141998672344577,0.558596842271469
1.7489245244138731,0.7923132223693858
1.4804316494193022,0.5675236514973427
1.2625599539913102,0.420506828620675
1.204456908075255,1.2205518544691358
1.0856911581732627,0.9132726397730976
1.0786793326285407,0.8944797048495026
0.9917016627280985,0.8791960692857039
1.1093926790015458,0.7740933705812838
1.5527208208586505,0.5793706970807642
1.1199482665810407,0.7569481136198958
1.1430562014221786,0.5847126205452969
1.408977933560892,0.47616783107766814
2.11854896443605,0.8855373019685624
1.3231639698770172,0.5839931615645207
2.0490032130895046,0.776027122231647
1.192769195167096,0.6508482800911813
1.2886224409387868,0.6529897744521338
1.1078306467082664,0.5746122953998928
1.6919225729663523,1.3218768078638174
1.672934661635355,0.660182996645858
1.4029838216334112,0.5300971403565969
2.1063338273556584,0.8608493961392161
1.2523461383998853,0.5126113387179411
1.4517651523164539,0.7855005859701965
1.9428132751268734,0.9669362347198865
0.9445830602961497,1.733300197862372
2.362829102525031,1.081659644767186
2.2902684010066126,0.9335145882322555
1.2137876947309092,0.5072909679489749
1.2507300726601727,0.6368122780231317
2.148030588847992,0.994832026054384
1.949618040575983,1.1713248539246064
1.642678153914142,0.6402532691631705
1.0521364262935125,1.019621601148429
1.4292861783106283,0.4422102260411804
0.25883946408612984,2.4436164861548617
1.4567178485574108,0.49159057972810005
1.6011955110299068,0.6341561512518901
1.3745908905252804,1.1264939261189786
1.3313899752483502,0.7208729040907367
2.384748276765238,1.405336787806242
1.198923666764048,0.8211344073113002
0.9548773033198665,0.7569889897162704
1.8659304489023574,1.197136294977065
1.3640167058616015,0.8795122216659919
1.5080501112991929,1.0326511708604262
1.4058409232798659,0.41704747525380537
1.6432876956912257,1.115842195513131
1.26303507180939,0.685100212814849
1.3332574591402913,0.5251923181338689
0.9915314353979777,1.2983185273590057
1.0723203817891442,0.6995404040850464
1.0836046018304373,0.919116092100652
2.264726627877712,0.9027487613018212
1.495433301224616,0.48806703430409076
1.5976391202581555,0.6002949519530683
1.724700642343551,0.7314804188945435
1.7021007683124592,0.5671967159476402
1.456425046742765,0.5313594411468153
1.4584973137301096,0.43612128782075044
1.523473178134505,0.701964869793187
1.749579514052737,0.46178508986762457
2.147344597351641,0.8093130612617806
-0.40112769905235623,4.583073410804822
1.3079824526482398,0.7427606288055623
0.8125922038980632,0.14019570241431167
0.561560985951311,0.4972770827935725
0.5294821739479162,-0.12708234593285436
0.4239819561200916,0.0702662408607781
0.16041866289762,0.13510723698801635
0.48106641971625663,-0.17644266499771058
0.05308674746165174,0.2591219136131876
-0.08748769409396764,0.594910658946716
0.429906096913663,-0.29908520703678687
0.16947136745772529,-0.5622658447105404
-0.06925839355536205,-0.75613785761425
-0.08148057991259583,-0.6726373833371867
-4.650414611608844,6.9139311387510825
-0.4969381775655371,-0.7989543411695813
-0.3736511965554109,-0.6162428413935276
-1.1549956330597957,-1.2803631423948456
-0.5801035022053037,-0.8553971467166989
-0.9084668490439425,-1.57418720269365
-1.3194000442035232,-1.7737727577159184
-3.4304387205070803,0.5046341427016794
-1.2670029469477893,-1.7431547641291454
-1.3901653602236017,-1.8553517613097834
-1.5665084075963025,-1.449278447547602
-2.5266562498457064,-2.0286823716221503
-2.765704937100254,-2.924518482614713
-2.6114804228532056,-2.6496673361568144
-2.452373646701281,-2.6814180348645436
-2.4200127996378016,-2.7553909132990677
-2.4222715156863157,-2.6129163823639048
-2.6621653577733535,-2.7313398430119764
-2.560607226889306,-2.677139262973601
-2.6629324077492798,-2.6764040682357226
-2.6760719973932003,-2.739893413585472
-2.9445786909558183,-1.8717795223085607
-2.4215039450301368,-2.705076325650599
-2.4161930905137496,-2.776026234602783
-2.783309239486442,-2.440774637623515
-2.528517310053088,-2.815889985637715
-2.5441038673480985,-2.7177845290147293
-2.6531813289531616,-2.892954090855375
-2.705695151508786,-2.9682700552852768
-2.652249971960814,-2.7974383915028063
-2.3760390068146258,-2.7404839994348547
-2.4548725755324527,-2.734450021262041
-2.3795471823270633,-2.712111474770322
-2.1526335939296666,-2.4546295373779077
-2.6746889483950302,-2.926875914573582
-2.429901508747904,-2.77502929147979
-2.261592901181928,-2.3879683794607294
-2.0999558305149284,-2.402940371611346
-2.5158805458373075,-2.5066887124174273
-2.097184518652373,-2.2671756986921885
-2.698288561407656,-2.9748269392493394
-2.4774949526732932,-2.686252247558149
-2.13643408663398,-2.4629573008353773
-2.2348137039961995,-2.538820589930682
-2.410279399921484,-2.4124701003235938
-2.4956863848882054,-2.9776291021988714
-2.7075780724624243,-3.025978382804589
-2.687737230076501,-3.0155489032873533
-2.68477335909735,-2.9916966411107655
-2.7109221016610414,-3.000982283545692
-2.4134225121969735,-2.5124331050488404
-2.894823002343916,-2.457126052676726
-2.3117844098620486,-2.675853966872368
-3.0340542574525675,-3.2984307435714526
-2.4588179525707843,-2.8258789080402895
-3.71866581596735,-1.5257459198753256
-2.4798127349847805,-2.6809823412877036
-2.4051797626136606,-2.631613030956914
-2.3630902651281103,-2.8014768861090045
-2.357331079869695,-2.7980998338201575
-2.9932977906827096,-2.9956814816932567
-3.0848503845683504,-2.77100019517124
-2.3828773613434158,-2.7868708748555466
-3.3761392725292376,-3.214293664984597
-2.5677036384891183,-3.0690962184686255
-2.6164139579396575,-3.0468513329357783
-2.5876648635377597,-3.044648590066365
-2.6557179059160223,-2.323879921764765
-2.6054132460658046,-2.9308426818027944
-2.679294710444522,-3.144139668479776
-2.689647785165082,-3.0229351683774404
-3.1413843291410566,-3.167232313095415
-3.5481896242424096,-3.612736207402099
-3.530959072278483,-3.1852550227606473
-3.0736842456833267,-3.259365375496935
-4.3768188551799225,-4.819779602691519
-3.2122743628747727,-3.3173977971144883
-4.066225630900319,-2.6553284066583753
-3.4209643136390384,-3.621123867761465
-3.135587793397972,-3.416393278778832
-3.4381994583763964,-3.5572661055149606
-4.013348650537106,-4.485945219327718
-3.0173142354514932,-3.0852736237091554
-3.3414083264480867,-3.45917787995167
-3.8093721761170865,-3.7025846649755474
-3.062674697216674,-3.4266492765708496
-3.1014561218242296,-3.2210502639768075
-3.4567530652011427,-3.423540091956439
-3.7494806012796014,-3.7543295370015413
-3.260326697442814,-3.765786158831754
-3.5383008311621573,-2.381696131848981
-3.3648227873742735,-3.028969612531605
-3.2127140278946373,-3.594477740691004
-3.347519379049439,-3.8606199458915595
-3.1808122294733625,-3.5900761068720857
-3.3354746215888973,-3.8261080135000425
-3.879583165326088,-3.77437571883024
-3.2725160078107467,-3.4666790317140594
-3.5068213017537526,-3.704394914269418
-8.038137719629596,-8.498841828223217
1.3975823160234069,0.6839435886035131
1.8049544881715336,1.1893246560424964
-4.120316542772786,-3.007187282751863
1.6826363465203251,0.7098240486863665
0.155150534434076,2.36976689374943
1.3208007592841469,0.44035252679762155
-1.2671172288335046,-1.5616674936147719
2.0755122091913885,0.9206577877323503
1.7981445146496755,0.7009568148904195
1.7363148285152512,0.6196098107281917
1.5357334758959253,0.2804807033545143
1.5211341726242187,0.2736816153503611
1.5497398785171907,0.38695613521359506
0.7715139612649514,0.18031843548525345
1.4299301560748205,0.5022735195240224
1.3656672570865727,0.3618906766265449
1.3987436434567995,0.4778217110863184
-0.6670180950779148,-0.3604437313524764
0.8572796846511372,1.465494297113744
1.088997515150379,1.0882173028592634
0.7161499326130077,1.306709814736179
-1.1820293890870701,-1.4369293120203708
-3.142163293967327,-1.816972518260091
-2.2151331749511596,-1.8791832281269936
-2.321871289968471,-1.3766989429963
-0.39666037625876555,-0.2319823584813871
-0.41201708542558285,-0.9666606494816212
0.25082289107875005,-0.14073865957996815
-0.9095981094412721,-1.0727135837923127
-1.8216371853963262,0.8534822010239769
-0.6658542926076426,-0.9635499499859134
1.0214151897500396,0.0025753106193880525
-3.550360239261462,-3.957106396556033
1.8372232963736024,0.8016158968127589
